timer,hart
0,-3525
1,-2955
2,-3047
3,-3697
4,-3533
5,-3127
6,-2470
7,-2740
8,-2460
9,-2566
10,-3818
11,-3162
12,-2790
13,-2614
14,-2796
15,-3156
16,-3037
17,-3778
18,-2383
19,-1756
20,-2777
21,-2075
22,-2790
23,-4361
24,-4208
25,-3873
26,-4588
27,-4499
28,-4127
29,-4702
30,-4009
31,-3214
32,-3313
33,-3621
34,-3906
35,-4148
36,-4818
37,-4490
38,-4156
39,-4795
40,-4894
41,-5154
42,-4529
43,-3365
44,-3508
45,-3298
46,-3780
47,-5220
48,-5496
49,-5113
50,-4392
51,-4105
52,-3902
53,-4320
54,-4654
55,-3820
56,-3877
57,-3606
58,-3301
59,-3985
60,-4537
61,-4394
62,-3866
63,-4366
64,-4167
65,-3648
66,-4640
67,-3929
68,-3096
69,-3892
70,-3580
71,-3528
72,-4050
73,-4115
74,-4006
75,-3871
76,-3915
77,-3951
78,-4509
79,-4079
80,-3659
81,-3892
82,-3217
83,-3571
84,-4271
85,-4579
86,-4821
87,-4546
88,-5069
89,-4570
90,-4549
91,-5116
92,-2715
93,-2814
94,-3948
95,-2917
96,-4578
97,-5821
98,-5463
99,-5127
100,-4611
101,-4752
102,-4228
103,-4370
104,-4417
105,-3825
106,-4131
107,-3907
108,-4463
109,-5575
110,-5454
111,-4926
112,-4613
113,-4801
114,-4363
115,-4641
116,-5248
117,-4523
118,-4808
119,-4800
120,-4479
121,-4811
122,-4573
123,-4912
124,-4733
125,-4786
126,-5314
127,-5305
128,-5317
129,-4368
130,-4523
131,-4139
132,-3592
133,-5146
134,-4800
135,-4814
136,-5147
137,-4672
138,-5491
139,-5149
140,-5190
141,-4501
142,-3061
143,-3793
144,-3337
145,-3675
146,-4945
147,-4833
148,-5232
149,-4350
150,-4565
151,-4885
152,-3768
153,-4225
154,-3202
155,-2964
156,-4033
157,-3843
158,-5156
159,-5805
160,-5170
161,-4535
162,-4190
163,-4522
164,-4493
165,-4694
166,-4143
167,-4000
168,-4217
169,-3747
170,-5009
171,-5166
172,-4382
173,-4803
174,-4591
175,-4678
176,-5169
177,-5505
178,-4915
179,-3986
180,-4339
181,-3945
182,-3614
183,-4822
184,-5035
185,-4596
186,-5026
187,-5364
188,-4955
189,-5026
190,-4798
191,-3587
192,-3824
193,-4367
194,-3856
195,-4502
196,-5134
197,-4933
198,-4807
199,-5046
200,-5378
201,-4611
202,-4306
203,-3569
204,-2654
205,-3491
206,-3591
207,-4501
208,-5529
209,-4882
210,-4964
211,-5170
212,-5165
213,-5958
214,-7497
215,-7354
216,-6880
217,-7581
218,-6284
219,-5418
220,-5672
221,-4325
222,-3684
223,-4014
224,-4172
225,-4430
226,-4933
227,-4804
228,-3889
229,-3909
230,-4167
231,-3623
232,-4022
233,-4922
234,-4464
235,-4475
236,-5071
237,-4897
238,-5183
239,-5013
240,-4143
241,-3881
242,-3537
243,-3549
244,-4513
245,-4857
246,-4852
247,-5127
248,-4867
249,-5010
250,-4843
251,-4797
252,-4293
253,-2938
254,-3431
255,-3491
256,-3700
257,-5611
258,-5919
259,-5468
260,-5844
261,-5505
262,-4780
263,-5432
264,-5634
265,-4619
266,-5050
267,-5112
268,-4632
269,-5654
270,-5899
271,-5439
272,-4852
273,-4998
274,-4927
275,-4289
276,-5336
277,-4500
278,-3871
279,-4632
280,-3853
281,-3988
282,-4381
283,-4393
284,-3787
285,-3498
286,-4374
287,-4630
288,-4904
289,-4386
290,-4031
291,-3543
292,-2114
293,-3268
294,-4371
295,-3940
296,-4639
297,-4752
298,-4516
299,-4179
300,-4234
301,-4239
302,-2990
303,-2755
304,-2749
305,-3072
306,-4055
307,-4564
308,-5018
309,-4590
310,-4523
311,-4179
312,-3647
313,-4364
314,-3378
315,-3174
316,-3975
317,-3360
318,-4550
319,-5183
320,-4854
321,-4875
322,-4144
323,-4654
324,-4525
325,-4802
326,-5032
327,-3992
328,-4654
329,-4229
330,-4029
331,-4790
332,-4506
333,-4916
334,-4473
335,-4502
336,-5021
337,-4891
338,-5143
339,-4178
340,-4233
341,-4424
342,-3337
343,-4190
344,-4767
345,-4534
346,-4911
347,-5059
348,-5023
349,-4913
350,-5289
351,-4511
352,-3722
353,-4317
354,-3493
355,-3616
356,-4957
357,-4872
358,-4843
359,-4920
360,-5083
361,-4234
362,-3813
363,-4249
364,-2673
365,-2862
366,-3946
367,-3735
368,-4931
369,-5606
370,-5297
371,-4312
372,-3863
373,-4283
374,-4088
375,-4432
376,-4187
377,-4232
378,-4343
379,-3619
380,-4816
381,-5136
382,-4037
383,-4542
384,-4817
385,-4313
386,-4680
387,-5270
388,-4448
389,-3633
390,-3899
391,-3606
392,-3410
393,-4342
394,-4579
395,-4483
396,-4868
397,-4960
398,-4471
399,-4759
400,-4571
401,-1964
402,-2269
403,-3146
404,-2136
405,-4292
406,-5231
407,-5000
408,-5146
409,-4885
410,-5269
411,-4512
412,-4351
413,-3416
414,-2671
415,-3534
416,-3331
417,-4371
418,-5506
419,-4890
420,-4342
421,-4063
422,-3731
423,-3912
424,-4684
425,-4273
426,-4142
427,-4829
428,-4644
429,-4574
430,-5291
431,-5199
432,-4280
433,-5077
434,-6243
435,-6636
436,-7723
437,-8143
438,-7439
439,-6490
440,-5732
441,-4492
442,-3705
443,-4292
444,-4005
445,-3542
446,-4541
447,-4530
448,-4213
449,-4870
450,-3688
451,-2885
452,-3233
453,-3024
454,-3731
455,-4435
456,-4637
457,-4207
458,-4001
459,-4194
460,-3806
461,-4187
462,-3278
463,-2210
464,-3034
465,-2468
466,-2887
467,-5018
468,-5031
469,-4259
470,-4362
471,-4268
472,-3777
473,-4386
474,-4092
475,-3091
476,-3758
477,-3552
478,-3887
479,-5039
480,-5135
481,-4840
482,-3786
483,-4344
484,-4528
485,-4144
486,-5302
487,-4476
488,-4205
489,-4581
490,-4264
491,-4799
492,-4522
493,-4745
494,-4362
495,-3863
496,-4435
497,-4357
498,-4761
499,-3775
500,-3282
501,-3534
502,-2099
503,-2982
504,-4011
505,-3663
506,-4126
507,-3910
508,-4103
509,-3913
510,-3791
511,-3857
512,-2516
513,-2692
514,-2851
515,-2677
516,-3967
517,-4354
518,-4354
519,-3971
520,-3822
521,-3833
522,-3218
523,-3928
524,-3059
525,-1777
526,-2983
527,-3002
528,-3283
529,-4711
530,-5013
531,-3937
532,-3283
533,-3842
534,-3357
535,-3854
536,-4218
537,-3360
538,-4015
539,-3607
540,-3573
541,-4619
542,-3796
543,-3717
544,-4184
545,-3946
546,-3898
547,-4780
548,-4890
549,-3311
550,-3926
551,-3831
552,-2639
553,-4134
554,-4329
555,-4366
556,-4707
557,-4382
558,-5134
559,-4480
560,-4423
561,-4390
562,-2973
563,-3470
564,-3505
565,-3421
566,-4342
567,-4594
568,-4769
569,-4425
570,-4705
571,-4281
572,-4087
573,-4009
574,-2223
575,-3507
576,-3769
577,-2963
578,-5143
579,-4939
580,-4457
581,-4366
582,-3789
583,-4024
584,-3779
585,-4121
586,-3898
587,-3867
588,-4302
589,-3760
590,-4273
591,-4296
592,-3407
593,-3674
594,-4057
595,-3784
596,-3743
597,-4263
598,-3926
599,-3316
600,-3456
601,-3098
602,-3188
603,-4069
604,-4078
605,-4001
606,-4275
607,-4296
608,-4297
609,-4597
610,-4332
611,-3387
612,-2965
613,-2923
614,-2959
615,-3582
616,-4446
617,-4370
618,-3943
619,-4043
620,-3686
621,-3907
622,-3892
623,-2276
624,-2300
625,-2658
626,-2147
627,-3876
628,-4939
629,-4457
630,-4335
631,-3495
632,-2887
633,-3269
634,-3527
635,-3696
636,-4419
637,-4694
638,-5066
639,-6232
640,-7026
641,-6884
642,-6199
643,-5718
644,-5170
645,-3826
646,-3535
647,-3166
648,-1482
649,-2025
650,-2531
651,-1764
652,-2901
653,-3836
654,-3288
655,-3178
656,-3817
657,-3375
658,-3621
659,-4104
660,-2598
661,-2601
662,-2728
663,-2029
664,-2907
665,-3462
666,-3587
667,-3757
668,-4082
669,-3963
670,-3664
671,-4092
672,-2353
673,-1952
674,-3030
675,-1953
676,-3036
677,-4508
678,-4418
679,-4335
680,-4114
681,-4258
682,-3677
683,-3974
684,-4124
685,-3397
686,-4312
687,-4239
688,-3957
689,-5043
690,-4912
691,-4182
692,-3941
693,-4403
694,-4001
695,-3955
696,-4714
697,-3472
698,-3379
699,-3432
700,-2590
701,-3022
702,-2805
703,-3305
704,-3359
705,-3126
706,-3796
707,-3294
708,-3697
709,-3031
710,-2326
711,-2904
712,-1854
713,-2583
714,-3246
715,-2752
716,-3638
717,-3654
718,-3566
719,-3712
720,-3552
721,-2696
722,-1598
723,-2011
724,-2492
725,-2580
726,-3589
727,-4296
728,-3578
729,-3000
730,-3667
731,-3014
732,-2618
733,-3629
734,-2008
735,-1752
736,-2577
737,-1908
738,-3186
739,-3688
740,-3859
741,-3481
742,-2764
743,-3673
744,-2943
745,-3391
746,-3532
747,-2516
748,-3356
749,-2587
750,-3063
751,-4059
752,-3066
753,-3738
754,-3684
755,-3209
756,-3693
757,-3842
758,-3874
759,-3017
760,-3133
761,-3291
762,-2491
763,-3569
764,-4009
765,-3518
766,-3776
767,-3792
768,-3964
769,-3779
770,-4067
771,-3794
772,-2819
773,-3226
774,-2969
775,-3219
776,-3889
777,-4197
778,-4290
779,-3594
780,-4429
781,-3337
782,-3050
783,-3354
784,-920
785,-2152
786,-2073
787,-2163
788,-4744
789,-4050
790,-3980
791,-3631
792,-3022
793,-3383
794,-3601
795,-3749
796,-3046
797,-3331
798,-2988
799,-2646
800,-4183
801,-4144
802,-3703
803,-3868
804,-3800
805,-3820
806,-3688
807,-4332
808,-3156
809,-2228
810,-3537
811,-2488
812,-2473
813,-4020
814,-3274
815,-3055
816,-3896
817,-3993
818,-4226
819,-4405
820,-3890
821,-3307
822,-3045
823,-3155
824,-3259
825,-3884
826,-4324
827,-4407
828,-4879
829,-5860
830,-6276
831,-6564
832,-6398
833,-4060
834,-4060
835,-3773
836,-1803
837,-3620
838,-4096
839,-3053
840,-3691
841,-3623
842,-3035
843,-3342
844,-3629
845,-2877
846,-2872
847,-3079
848,-2934
849,-3180
850,-3746
851,-3628
852,-2949
853,-3745
854,-3796
855,-3433
856,-4209
857,-3458
858,-3107
859,-3545
860,-3376
861,-3584
862,-3590
863,-3915
864,-3813
865,-3421
866,-4310
867,-4460
868,-4685
869,-4516
870,-3441
871,-3940
872,-3443
873,-3185
874,-4457
875,-4294
876,-4481
877,-4697
878,-4695
879,-4869
880,-4928
881,-4817
882,-3468
883,-3267
884,-3343
885,-2839
886,-3984
887,-4717
888,-4371
889,-4312
890,-4230
891,-3643
892,-2894
893,-3888
894,-3462
895,-1889
896,-3071
897,-2659
898,-2227
899,-3436
900,-3647
901,-3660
902,-2760
903,-3548
904,-3837
905,-2945
906,-3571
907,-2981
908,-2848
909,-2910
910,-3163
911,-3828
912,-3346
913,-3688
914,-2910
915,-2752
916,-3546
917,-2955
918,-4011
919,-2539
920,-1014
921,-2351
922,-1170
923,-2251
924,-4379
925,-3791
926,-3891
927,-3989
928,-3780
929,-3823
930,-4269
931,-3909
932,-3116
933,-2908
934,-2304
935,-2890
936,-3789
937,-4093
938,-4576
939,-3903
940,-4195
941,-3769
942,-3005
943,-3895
944,-2074
945,-1912
946,-3069
947,-2327
948,-3987
949,-4685
950,-4200
951,-3883
952,-3081
953,-3460
954,-3464
955,-3907
956,-4019
957,-3537
958,-3749
959,-3380
960,-3636
961,-4016
962,-3824
963,-3746
964,-3770
965,-3923
966,-3932
967,-4484
968,-3932
969,-2976
970,-3625
971,-3235
972,-2714
973,-3950
974,-4079
975,-3600
976,-4039
977,-4392
978,-4147
979,-3945
980,-4194
981,-3035
982,-2731
983,-3740
984,-3169
985,-3806
986,-4521
987,-4120
988,-4014
989,-4046
990,-4465
991,-4120
992,-4433
993,-2908
994,-1247
995,-2489
996,-1631
997,-2465
998,-4734
999,-4602
1000,-4314
1001,-3677
1002,-3613
1003,-3530
1004,-3650
1005,-3683
1006,-3089
1007,-3839
1008,-3470
1009,-3273
1010,-5132
1011,-4425
1012,-3274
1013,-3765
1014,-3648
1015,-4037
1016,-5318
1017,-6243
1018,-5987
1019,-6325
1020,-6848
1021,-5858
1022,-5816
1023,-6082
1024,-4803
1025,-3619
1026,-3739
1027,-3645
1028,-3484
1029,-4184
1030,-3845
1031,-2897
1032,-3002
1033,-2934
1034,-3008
1035,-4077
1036,-4389
1037,-4369
1038,-4645
1039,-4670
1040,-4305
1041,-4178
1042,-3394
1043,-2050
1044,-2613
1045,-2565
1046,-2802
1047,-4340
1048,-4355
1049,-4572
1050,-4349
1051,-3957
1052,-3995
1053,-3949
1054,-4198
1055,-3635
1056,-3886
1057,-4280
1058,-3860
1059,-4699
1060,-5217
1061,-4698
1062,-4523
1063,-5126
1064,-5092
1065,-4540
1066,-5374
1067,-4931
1068,-4367
1069,-5049
1070,-4768
1071,-4788
1072,-4744
1073,-4810
1074,-4730
1075,-4415
1076,-4997
1077,-4844
1078,-4973
1079,-4720
1080,-3488
1081,-3419
1082,-2968
1083,-2779
1084,-3676
1085,-3781
1086,-4025
1087,-4388
1088,-4608
1089,-4538
1090,-4378
1091,-4345
1092,-2366
1093,-1748
1094,-2464
1095,-1941
1096,-3399
1097,-4677
1098,-4614
1099,-4101
1100,-3743
1101,-3617
1102,-2635
1103,-3721
1104,-3354
1105,-2218
1106,-3630
1107,-3155
1108,-3549
1109,-4736
1110,-4207
1111,-3669
1112,-2963
1113,-3704
1114,-3742
1115,-4187
1116,-4727
1117,-2731
1118,-3226
1119,-3191
1120,-2769
1121,-4361
1122,-4222
1123,-4188
1124,-3766
1125,-3574
1126,-4087
1127,-4418
1128,-4783
1129,-3796
1130,-3648
1131,-3317
1132,-2477
1133,-3595
1134,-4085
1135,-3699
1136,-3833
1137,-3752
1138,-3777
1139,-3588
1140,-3825
1141,-3465
1142,-2460
1143,-3174
1144,-3162
1145,-3078
1146,-4138
1147,-4437
1148,-4352
1149,-3778
1150,-4465
1151,-4012
1152,-3332
1153,-3958
1154,-1925
1155,-2376
1156,-3432
1157,-2765
1158,-4576
1159,-5186
1160,-5005
1161,-4112
1162,-3462
1163,-4137
1164,-3775
1165,-4121
1166,-4274
1167,-4523
1168,-4677
1169,-3800
1170,-4483
1171,-4494
1172,-3507
1173,-3850
1174,-4075
1175,-4060
1176,-4569
1177,-5099
1178,-4270
1179,-3627
1180,-4006
1181,-3097
1182,-2931
1183,-4340
1184,-4682
1185,-4420
1186,-4701
1187,-5089
1188,-4537
1189,-4169
1190,-4388
1191,-3334
1192,-2737
1193,-3454
1194,-3547
1195,-4125
1196,-4891
1197,-5062
1198,-4905
1199,-4213
1200,-4104
1201,-4030
1202,-3724
1203,-2852
1204,-2450
1205,-3493
1206,-3397
1207,-4471
1208,-6861
1209,-7164
1210,-7318
1211,-7323
1212,-6381
1213,-6161
1214,-5548
1215,-4085
1216,-3568
1217,-3341
1218,-2836
1219,-3293
1220,-4519
1221,-4452
1222,-3559
1223,-3788
1224,-3948
1225,-3633
1226,-4375
1227,-4607
1228,-3623
1229,-3586
1230,-3901
1231,-3317
1232,-3575
1233,-4578
1234,-4038
1235,-3708
1236,-4616
1237,-4506
1238,-4568
1239,-4754
1240,-3944
1241,-3174
1242,-2881
1243,-3402
1244,-4074
1245,-4178
1246,-4539
1247,-5064
1248,-4645
1249,-4621
1250,-5059
1251,-4919
1252,-4002
1253,-2937
1254,-3734
1255,-3597
1256,-3667
1257,-5611
1258,-5633
1259,-5328
1260,-5198
1261,-5039
1262,-4498
1263,-4801
1264,-5370
1265,-3493
1266,-4006
1267,-4265
1268,-3239
1269,-4561
1270,-4896
1271,-4664
1272,-3848
1273,-3780
1274,-3849
1275,-3257
1276,-4335
1277,-3876
1278,-3691
1279,-4276
1280,-3363
1281,-3527
1282,-3808
1283,-4028
1284,-3949
1285,-3840
1286,-4486
1287,-4052
1288,-4285
1289,-3900
1290,-3146
1291,-3522
1292,-2633
1293,-2762
1294,-3746
1295,-3753
1296,-3884
1297,-3689
1298,-4049
1299,-4034
1300,-3800
1301,-3839
1302,-2088
1303,-1890
1304,-2134
1305,-1481
1306,-3547
1307,-4556
1308,-4256
1309,-4122
1310,-3899
1311,-3230
1312,-2438
1313,-3670
1314,-2815
1315,-2515
1316,-3675
1317,-2647
1318,-3457
1319,-4104
1320,-3707
1321,-3381
1322,-2707
1323,-3258
1324,-3105
1325,-3533
1326,-3866
1327,-3257
1328,-3768
1329,-3254
1330,-2891
1331,-3185
1332,-3165
1333,-3449
1334,-3349
1335,-3964
1336,-3829
1337,-3909
1338,-4193
1339,-2857
1340,-3524
1341,-3103
1342,-2292
1343,-3694
1344,-3315
1345,-3554
1346,-3851
1347,-4085
1348,-4729
1349,-3915
1350,-4446
1351,-3485
1352,-2065
1353,-3428
1354,-3207
1355,-3216
1356,-4471
1357,-4386
1358,-4026
1359,-3684
1360,-4247
1361,-3957
1362,-3617
1363,-3730
1364,-2128
1365,-2397
1366,-2636
1367,-2710
1368,-4138
1369,-4154
1370,-4293
1371,-3547
1372,-3403
1373,-4018
1374,-3528
1375,-3996
1376,-3399
1377,-2965
1378,-3264
1379,-2804
1380,-3674
1381,-3827
1382,-3355
1383,-3486
1384,-2995
1385,-3143
1386,-3788
1387,-4174
1388,-3749
1389,-3154
1390,-3319
1391,-2539
1392,-2490
1393,-3947
1394,-3777
1395,-3639
1396,-4080
1397,-3742
1398,-3885
1399,-4531
1400,-5320
1401,-5118
1402,-5162
1403,-6141
1404,-5505
1405,-5568
1406,-6046
1407,-4658
1408,-3575
1409,-3450
1410,-3011
1411,-2806
1412,-3108
1413,-2001
1414,-1734
1415,-2395
1416,-1855
1417,-3098
1418,-4082
1419,-3164
1420,-3173
1421,-2933
1422,-2523
1423,-3007
1424,-3294
1425,-3023
1426,-2684
1427,-2776
1428,-3100
1429,-3305
1430,-4000
1431,-4136
1432,-2966
1433,-3021
1434,-3404
1435,-2784
1436,-3645
1437,-3661
1438,-2813
1439,-3370
1440,-3099
1441,-2800
1442,-3489
1443,-3735
1444,-3508
1445,-3727
1446,-4410
1447,-4193
1448,-4424
1449,-4598
1450,-3512
1451,-3488
1452,-3085
1453,-2823
1454,-3811
1455,-3687
1456,-3712
1457,-3466
1458,-3037
1459,-3432
1460,-2965
1461,-3089
1462,-2041
1463,-697
1464,-1449
1465,-728
1466,-1401
1467,-3599
1468,-3555
1469,-3436
1470,-3689
1471,-3216
1472,-2375
1473,-3161
1474,-3165
1475,-1841
1476,-2733
1477,-2553
1478,-2209
1479,-3366
1480,-3234
1481,-2731
1482,-2125
1483,-2456
1484,-2439
1485,-2103
1486,-2923
1487,-2158
1488,-1920
1489,-2324
1490,-2102
1491,-2549
1492,-2623
1493,-3077
1494,-2896
1495,-3016
1496,-3799
1497,-3540
1498,-4241
1499,-2966
1500,-2018
1501,-2790
1502,-1415
1503,-2225
1504,-3625
1505,-3476
1506,-3917
1507,-3624
1508,-3904
1509,-3544
1510,-3706
1511,-4009
1512,-1591
1513,-2035
1514,-2506
1515,-1539
1516,-3763
1517,-4735
1518,-4623
1519,-4042
1520,-3867
1521,-3944
1522,-2734
1523,-4075
1524,-3016
1525,-1976
1526,-3774
1527,-2554
1528,-3442
1529,-4899
1530,-4111
1531,-3541
1532,-3070
1533,-3758
1534,-3517
1535,-3948
1536,-4015
1537,-3119
1538,-3618
1539,-3037
1540,-3671
1541,-4387
1542,-3559
1543,-3936
1544,-3759
1545,-3784
1546,-3939
1547,-4182
1548,-4327
1549,-2838
1550,-3269
1551,-3281
1552,-2169
1553,-3620
1554,-3862
1555,-3564
1556,-4119
1557,-4175
1558,-4354
1559,-4001
1560,-4197
1561,-3429
1562,-2245
1563,-3235
1564,-3219
1565,-3199
1566,-4249
1567,-4351
1568,-4271
1569,-4048
1570,-4156
1571,-3845
1572,-3665
1573,-3057
1574,-1956
1575,-2522
1576,-2201
1577,-2766
1578,-4065
1579,-3836
1580,-4200
1581,-3517
1582,-3209
1583,-3537
1584,-3245
1585,-3389
1586,-3147
1587,-3573
1588,-3465
1589,-2981
1590,-4079
1591,-3808
1592,-3397
1593,-4247
1594,-4718
1595,-5440
1596,-6345
1597,-7175
1598,-6529
1599,-5482
1600,-5369
1601,-4028
1602,-2817
1603,-3382
1604,-3235
1605,-2531
1606,-3439
1607,-3928
1608,-3536
1609,-3886
1610,-3905
1611,-2911
1612,-2638
1613,-2992
1614,-2960
1615,-3567
1616,-3774
1617,-4113
1618,-3652
1619,-3455
1620,-3984
1621,-3132
1622,-3250
1623,-1656
1624,-1011
1625,-2214
1626,-1534
1627,-3458
1628,-4943
1629,-4215
1630,-4324
1631,-3681
1632,-3095
1633,-3725
1634,-3867
1635,-3843
1636,-4314
1637,-3938
1638,-3716
1639,-3859
1640,-4351
1641,-4517
1642,-3551
1643,-3914
1644,-4450
1645,-3898
1646,-4755
1647,-4613
1648,-3084
1649,-3640
1650,-3697
1651,-2877
1652,-3945
1653,-4482
1654,-3764
1655,-3867
1656,-4288
1657,-4097
1658,-4151
1659,-3987
1660,-3139
1661,-2791
1662,-2307
1663,-2254
1664,-3271
1665,-3501
1666,-3599
1667,-3803
1668,-3791
1669,-3715
1670,-3646
1671,-3682
1672,-1879
1673,-1312
1674,-2442
1675,-1697
1676,-2380
1677,-3970
1678,-3868
1679,-3645
1680,-3801
1681,-3411
1682,-2782
1683,-3514
1684,-2886
1685,-2148
1686,-3222
1687,-2753
1688,-3020
1689,-3981
1690,-3761
1691,-3389
1692,-2758
1693,-3402
1694,-3290
1695,-3267
1696,-3941
1697,-2975
1698,-3257
1699,-2899
1700,-2629
1701,-3699
1702,-3194
1703,-3934
1704,-3998
1705,-3188
1706,-3643
1707,-3613
1708,-3924
1709,-3002
1710,-3061
1711,-3603
1712,-2330
1713,-3164
1714,-3928
1715,-3884
1716,-4076
1717,-4163
1718,-4167
1719,-3299
1720,-3808
1721,-3576
1722,-2671
1723,-3480
1724,-3078
1725,-3047
1726,-3904
1727,-3780
1728,-4495
1729,-4134
1730,-3635
1731,-3760
1732,-2827
1733,-2956
1734,-3002
1735,-3225
1736,-3650
1737,-3621
1738,-4201
1739,-4211
1740,-4370
1741,-3853
1742,-3255
1743,-3754
1744,-3290
1745,-3640
1746,-3965
1747,-3441
1748,-3776
1749,-3244
1750,-3557
1751,-3885
1752,-3177
1753,-3464
1754,-3206
1755,-2930
1756,-2976
1757,-3346
1758,-3353
1759,-2626
1760,-3051
1761,-2824
1762,-2454
1763,-3439
1764,-3300
1765,-3184
1766,-3520
1767,-3790
1768,-4214
1769,-3862
1770,-5107
1771,-2844
1772,499
1773,-1589
1774,-600
1775,-850
1776,-4254
1777,-4323
1778,-4140
1779,-3734
1780,-3534
1781,-3266
1782,-2792
1783,-3220
1784,-3125
1785,-3167
1786,-3460
1787,-4081
1788,-5040
1789,-4967
1790,-4667
1791,-4323
1792,-3796
1793,-4338
1794,-4416
1795,-3910
1796,-4484
1797,-5352
1798,-5913
1799,-6928
1800,-8059
1801,-7557
1802,-7122
1803,-6609
1804,-5401
1805,-4745
1806,-4072
1807,-4621
1808,-2177
1809,-243
1810,-2745
1811,-1134
1812,-1446
1813,-5096
1814,-4499
1815,-3863
1816,-4288
1817,-4530
1818,-4625
1819,-4265
1820,-4124
1821,-3563
1822,-2875
1823,-2802
1824,-3492
1825,-4579
1826,-4770
1827,-4558
1828,-4592
1829,-4787
1830,-4722
1831,-4957
1832,-4395
1833,-2529
1834,-3107
1835,-3324
1836,-2934
1837,-4902
1838,-5674
1839,-5277
1840,-5008
1841,-4959
1842,-4338
1843,-4152
1844,-4642
1845,-4286
1846,-4881
1847,-4986
1848,-4936
1849,-5248
1850,-5201
1851,-5074
1852,-4094
1853,-4282
1854,-4524
1855,-4388
1856,-4849
1857,-4691
1858,-4533
1859,-4386
1860,-4163
1861,-3597
1862,-3431
1863,-3484
1864,-3194
1865,-3432
1866,-3852
1867,-3721
1868,-4243
1869,-3977
1870,-1603
1871,-1317
1872,-1575
1873,-1174
1874,-2605
1875,-3797
1876,-4077
1877,-3720
1878,-3907
1879,-3815
1880,-3291
1881,-3402
1882,-2884
1883,-3110
1884,-3150
1885,-2847
1886,-3676
1887,-3995
1888,-3902
1889,-3772
1890,-3876
1891,-3799
1892,-3287
1893,-3807
1894,-3206
1895,-2738
1896,-3613
1897,-3455
1898,-3899
1899,-4170
1900,-4047
1901,-4156
1902,-3060
1903,-3754
1904,-3717
1905,-3278
1906,-4498
1907,-1777
1908,-1049
1909,-2704
1910,-1526
1911,-2871
1912,-4520
1913,-4190
1914,-3593
1915,-3725
1916,-4240
1917,-3759
1918,-4404
1919,-3909
1920,-3022
1921,-3302
1922,-2423
1923,-3377
1924,-4225
1925,-3681
1926,-4075
1927,-3845
1928,-4106
1929,-3964
1930,-4023
1931,-3652
1932,-2078
1933,-2954
1934,-2915
1935,-2495
1936,-4151
1937,-4011
1938,-3719
1939,-3974
1940,-4172
1941,-3370
1942,-3225
1943,-4022
1944,-1410
1945,-1590
1946,-3006
1947,-2029
1948,-3672
1949,-4686
1950,-4359
1951,-3266
1952,-2857
1953,-3310
1954,-2696
1955,-3212
1956,-3085
1957,-3097
1958,-3550
1959,-2928
1960,-3674
1961,-3938
1962,-3020
1963,-2845
1964,-2813
1965,-3219
1966,-3311
1967,-3833
1968,-3943
1969,-2838
1970,-3278
1971,-2881
1972,-2289
1973,-3230
1974,-3034
1975,-2837
1976,-2533
1977,-2871
1978,-3097
1979,-2737
1980,-3455
1981,-2113
1982,-1816
1983,-2486
1984,-1538
1985,-2863
1986,-3330
1987,-3174
1988,-3355
1989,-2832
1990,-3530
1991,-2844
1992,-2722
1993,-2423
1994,-1167
1995,-2001
1996,-1721
1997,-2732
1998,-3979
1999,-3464
2000,-3701
2001,-2858
2002,-3002
2003,-3261
2004,-3118
2005,-3224
2006,-2364
2007,-2931
2008,-3549
2009,-3825
2010,-5697
2011,-6525
2012,-5835
2013,-6268
2014,-6005
2015,-4785
2016,-4820
2017,-3736
2018,-2278
2019,-2366
2020,-2385
2021,-2005
2022,-2569
2023,-3346
2024,-3041
2025,-2704
2026,-3192
2027,-3519
2028,-3133
2029,-3505
2030,-2673
2031,-861
2032,-1384
2033,-1514
2034,-1671
2035,-3309
2036,-3580
2037,-3182
2038,-3270
2039,-3411
2040,-3228
2041,-3275
2042,-2682
2043,-1557
2044,-1654
2045,-1710
2046,-2272
2047,-3482
2048,-4006
2049,-4124
2050,-3725
2051,-3668
2052,-3602
2053,-3522
2054,-3634
2055,-2873
2056,-2944
2057,-3633
2058,-3489
2059,-4068
2060,-4705
2061,-4084
2062,-3462
2063,-4009
2064,-4030
2065,-3668
2066,-4411
2067,-3786
2068,-3017
2069,-3373
2070,-3310
2071,-3224
2072,-3203
2073,-3687
2074,-3231
2075,-2645
2076,-3478
2077,-3159
2078,-3610
2079,-3184
2080,-1725
2081,-2272
2082,-1378
2083,-1593
2084,-2990
2085,-2873
2086,-3496
2087,-3326
2088,-3425
2089,-3431
2090,-3169
2091,-3489
2092,-1676
2093,-1503
2094,-1953
2095,-1218
2096,-2582
2097,-3302
2098,-3264
2099,-2732
2100,-3137
2101,-3285
2102,-1883
2103,-3082
2104,-2306
2105,-1309
2106,-2445
2107,-1894
2108,-2549
2109,-3229
2110,-3173
2111,-2614
2112,-2045
2113,-3032
2114,-2357
2115,-2585
2116,-3199
2117,-1761
2118,-2079
2119,-2127
2120,-1779
2121,-2410
2122,-2393
2123,-2873
2124,-2663
2125,-2409
2126,-2611
2127,-2412
2128,-3057
2129,-2090
2130,-2120
2131,-2703
2132,-978
2133,-1940
2134,-2540
2135,-1973
2136,-2762
2137,-2978
2138,-3234
2139,-2820
2140,-2793
2141,-1931
2142,-918
2143,-1841
2144,-1438
2145,-2007
2146,-3279
2147,-2951
2148,-2817
2149,-2469
2150,-3143
2151,-2775
2152,-2306
2153,-2525
2154,-495
2155,-928
2156,-1412
2157,-1242
2158,-3327
2159,-3443
2160,-3451
2161,-3134
2162,-2317
2163,-2718
2164,-2711
2165,-2575
2166,-2380
2167,-2524
2168,-2420
2169,-2454
2170,-3318
2171,-3156
2172,-2862
2173,-3062
2174,-2713
2175,-2841
2176,-3176
2177,-3169
2178,-2876
2179,-2516
2180,-2699
2181,-2139
2182,-2069
2183,-3201
2184,-3118
2185,-2945
2186,-3098
2187,-3142
2188,-3328
2189,-3353
2190,-3608
2191,-2571
2192,-1751
2193,-2206
2194,-1884
2195,-2455
2196,-3498
2197,-3754
2198,-3218
2199,-3120
2200,-3466
2201,-2747
2202,-2804
2203,-2432
2204,-2016
2205,-2594
2206,-2214
2207,-3090
2208,-4127
2209,-3745
2210,-3708
2211,-3369
2212,-3086
2213,-3245
2214,-4298
2215,-3902
2216,-3073
2217,-5128
2218,-5136
2219,-4653
2220,-6428
2221,-5565
2222,-3390
2223,-2929
2224,-2537
2225,-2014
2226,-3139
2227,-3608
2228,-3087
2229,-3212
2230,-2702
2231,-2445
2232,-2700
2233,-3130
2234,-3011
2235,-2538
2236,-3501
2237,-3488
2238,-3468
2239,-4008
2240,-2893
2241,-2379
2242,-2185
2243,-2267
2244,-2877
2245,-3000
2246,-3664
2247,-3396
2248,-3222
2249,-4002
2250,-3433
2251,-3738
2252,-2803
2253,-1350
2254,-2080
2255,-1577
2256,-2158
2257,-3788
2258,-4153
2259,-3807
2260,-3426
2261,-3479
2262,-2362
2263,-2819
2264,-3199
2265,-1901
2266,-2913
2267,-3150
2268,-2768
2269,-4017
2270,-4114
2271,-3396
2272,-3052
2273,-3154
2274,-3116
2275,-2985
2276,-3421
2277,-3073
2278,-2428
2279,-2394
2280,-2384
2281,-2160
2282,-2241
2283,-2780
2284,-2305
2285,-2150
2286,-2847
2287,-2764
2288,-3155
2289,-2854
2290,-2113
2291,-1995
2292,-1085
2293,-1612
2294,-2570
2295,-2738
2296,-3398
2297,-2957
2298,-3190
2299,-2762
2300,-2432
2301,-2926
2302,-790
2303,-1148
2304,-1516
2305,-666
2306,-2696
2307,-3349
2308,-3449
2309,-3002
2310,-2936
2311,-3115
2312,-1998
2313,-2950
2314,-2490
2315,-1633
2316,-2551
2317,-2430
2318,-3073
2319,-3910
2320,-4103
2321,-3585
2322,-2662
2323,-3143
2324,-3371
2325,-3158
2326,-3130
2327,-2936
2328,-2884
2329,-2470
2330,-3054
2331,-3435
2332,-2982
2333,-3412
2334,-2900
2335,-3285
2336,-4023
2337,-4102
2338,-4366
2339,-3270
2340,-3498
2341,-3001
2342,-2407
2343,-4195
2344,-3984
2345,-3848
2346,-4315
2347,-4176
2348,-4418
2349,-4247
2350,-4549
2351,-3434
2352,-2484
2353,-2938
2354,-2387
2355,-3111
2356,-3730
2357,-3955
2358,-4202
2359,-3406
2360,-4006
2361,-3410
2362,-3003
2363,-3018
2364,-1370
2365,-2125
2366,-2356
2367,-2521
2368,-4183
2369,-4388
2370,-4635
2371,-3738
2372,-3334
2373,-3871
2374,-3702
2375,-3982
2376,-3577
2377,-3891
2378,-3620
2379,-2614
2380,-3703
2381,-3446
2382,-2723
2383,-3526
2384,-3281
2385,-3134
2386,-3674
2387,-3634
2388,-3025
2389,-2739
2390,-2845
2391,-2287
2392,-2361
2393,-3112
2394,-3018
2395,-3015
2396,-3324
2397,-3543
2398,-3419
2399,-3409
2400,-3647
2401,-2503
2402,-2022
2403,-2821
2404,-2604
2405,-3109
2406,-3774
2407,-3722
2408,-3352
2409,-3048
2410,-3199
2411,-2724
2412,-2585
2413,-1981
2414,-1666
2415,-1841
2416,-1830
2417,-3226
2418,-4232
2419,-5005
2420,-5630
2421,-5824
2422,-5707
2423,-5676
2424,-5591
2425,-4070
2426,-3285
2427,-2570
2428,-1795
2429,-2033
2430,-2500
2431,-2724
2432,-2454
2433,-2838
2434,-2578
2435,-2446
2436,-3042
2437,-2499
2438,-2241
2439,-2187
2440,-2149
2441,-2216
2442,-2436
2443,-3211
2444,-3015
2445,-2701
2446,-3391
2447,-3278
2448,-3312
2449,-3600
2450,-2463
2451,-2284
2452,-2130
2453,-1836
2454,-2908
2455,-2873
2456,-3524
2457,-3827
2458,-3350
2459,-3795
2460,-3335
2461,-3428
2462,-1886
2463,-770
2464,-2231
2465,-1756
2466,-2527
2467,-4386
2468,-4386
2469,-3737
2470,-3684
2471,-3916
2472,-3176
2473,-3905
2474,-3970
2475,-3092
2476,-3690
2477,-3257
2478,-3034
2479,-3820
2480,-4168
2481,-3277
2482,-2610
2483,-3446
2484,-2907
2485,-2636
2486,-2959
2487,-2170
2488,-2542
2489,-2191
2490,-1828
2491,-2726
2492,-2291
2493,-2436
2494,-2455
2495,-2293
2496,-2815
2497,-2530
2498,-3028
2499,-2432
2500,-1596
2501,-1890
2502,-1287
2503,-2053
2504,-2823
2505,-3008
2506,-3495
2507,-3029
2508,-3204
2509,-2788
2510,-2839
2511,-2704
2512,-1121
2513,-1968
2514,-2019
2515,-1512
2516,-3036
2517,-3486
2518,-3322
2519,-2734
2520,-3080
2521,-2649
2522,-1756
2523,-2948
2524,-1349
2525,-1154
2526,-2622
2527,-1741
2528,-3313
2529,-4113
2530,-3435
2531,-2983
2532,-2215
2533,-2587
2534,-2563
2535,-3076
2536,-3425
2537,-2793
2538,-2917
2539,-2835
2540,-2957
2541,-3074
2542,-2851
2543,-3072
2544,-2749
2545,-3187
2546,-3819
2547,-3886
2548,-3683
2549,-2476
2550,-2752
2551,-2405
2552,-2175
2553,-3824
2554,-3440
2555,-3504
2556,-3370
2557,-3121
2558,-3801
2559,-3525
2560,-4012
2561,-2766
2562,-1875
2563,-2572
2564,-1788
2565,-2781
2566,-3700
2567,-3888
2568,-4265
2569,-3628
2570,-3928
2571,-3058
2572,-2939
2573,-2684
2574,-1064
2575,-2331
2576,-2372
2577,-2750
2578,-4132
2579,-3677
2580,-3726
2581,-3037
2582,-2898
2583,-3347
2584,-3404
2585,-3293
2586,-2815
2587,-3196
2588,-2954
2589,-2811
2590,-3995
2591,-3901
2592,-3042
2593,-3221
2594,-3352
2595,-3053
2596,-3349
2597,-3837
2598,-3441
2599,-3154
2600,-3624
2601,-3294
2602,-2982
2603,-3182
2604,-2714
2605,-2584
2606,-2600
2607,-3150
2608,-3553
2609,-3283
2610,-2719
2611,-1268
2612,-1235
2613,-1236
2614,-1134
2615,-2272
2616,-2394
2617,-2502
2618,-2367
2619,-2303
2620,-2597
2621,-2093
2622,-1603
2623,-1320
2624,-1788
2625,-2541
2626,-3650
2627,-5456
2628,-6202
2629,-5857
2630,-4978
2631,-4508
2632,-3467
2633,-2041
2634,-2465
2635,-187
2636,1341
2637,-944
2638,-47
2639,-828
2640,-3717
2641,-2754
2642,-1937
2643,-3012
2644,-2878
2645,-2317
2646,-3295
2647,-3339
2648,-2851
2649,-3068
2650,-2705
2651,-2615
2652,-3154
2653,-3278
2654,-3121
2655,-3534
2656,-4047
2657,-4481
2658,-4587
2659,-4110
2660,-3923
2661,-3556
2662,-3176
2663,-3242
2664,-3515
2665,-4001
2666,-4390
2667,-4570
2668,-4734
2669,-4690
2670,-4476
2671,-3835
2672,-3030
2673,-3226
2674,-2920
2675,-3049
2676,-4600
2677,-4265
2678,-4280
2679,-4573
2680,-3333
2681,-3466
2682,-2499
2683,-3101
2684,-3039
2685,910
2686,-431
2687,-1232
2688,363
2689,-2804
2690,-4633
2691,-3249
2692,-2986
2693,-3600
2694,-2907
2695,-3051
2696,-3907
2697,-4055
2698,-4302
2699,-3680
2700,-3877
2701,-3996
2702,-3618
2703,-3955
2704,-3086
2705,-3640
2706,-4173
2707,-3849
2708,-5137
2709,-2560
2710,-1603
2711,-3006
2712,-579
2713,-1934
2714,-3580
2715,-2942
2716,-3560
2717,-3329
2718,-3653
2719,-3426
2720,-3534
2721,-3281
2722,-2247
2723,-2788
2724,-2538
2725,-2951
2726,-4324
2727,-4375
2728,-4089
2729,-3806
2730,-4194
2731,-3713
2732,-3339
2733,-4022
2734,-3201
2735,-3409
2736,-3749
2737,-3727
2738,-4249
2739,-3701
2740,-4084
2741,-3300
2742,-2645
2743,-3265
2744,-2892
2745,-3123
2746,-2915
2747,-3246
2748,-3278
2749,-2618
2750,-3430
2751,-2831
2752,-2073
2753,-2956
2754,-2675
2755,-2997
2756,-2955
2757,-3496
2758,-3639
2759,186
2760,-288
2761,-781
2762,1023
2763,-2017
2764,-3284
2765,-2625
2766,-2725
2767,-2479
2768,-2401
2769,-2074
2770,-2158
2771,-1787
2772,-1278
2773,-1193
2774,-1142
2775,-1704
2776,-2375
2777,-2555
2778,-1675
2779,-1538
2780,-2235
2781,-1057
2782,-1433
2783,-791
2784,1228
2785,49
2786,112
2787,-404
2788,-2118
2789,-2073
2790,-2033
2791,-1429
2792,-996
2793,-1096
2794,-1309
2795,-1125
2796,-1128
2797,-1596
2798,-991
2799,-977
2800,-1829
2801,-1365
2802,-740
2803,-957
2804,-1157
2805,-1514
2806,-1891
2807,-1896
2808,-1321
2809,-1163
2810,-1821
2811,-881
2812,-870
2813,-2207
2814,-952
2815,-879
2816,-2361
2817,-1981
2818,-2523
2819,-3377
2820,-3050
2821,-3496
2822,-4062
2823,-4261
2824,-4565
2825,-4293
2826,-3750
2827,-2969
2828,-1651
2829,-1981
2830,-2099
2831,-1446
2832,-1302
2833,-362
2834,-505
2835,-619
2836,-830
2837,-2708
2838,-3261
2839,-2778
2840,-3316
2841,-2939
2842,-1532
2843,-2342
2844,-2068
2845,-938
2846,-2026
2847,-2152
2848,-2419
2849,-3264
2850,-3860
2851,-3169
2852,-1810
2853,-3057
2854,-3148
2855,-2917
2856,-4154
2857,-3352
2858,-2933
2859,-3401
2860,-3254
2861,-3508
2862,-3824
2863,-4035
2864,-3722
2865,-3364
2866,-4146
2867,-4675
2868,-4694
2869,-4570
2870,-3849
2871,-3268
2872,-3030
2873,-3238
2874,-4120
2875,-4601
2876,-4595
2877,-4775
2878,-4841
2879,-4280
2880,-4331
2881,-3980
2882,-2862
2883,-3775
2884,-3564
2885,-3277
2886,-4517
2887,-3861
2888,-4148
2889,-4032
2890,-3802
2891,-4159
2892,-2965
2893,-3625
2894,-3147
2895,-2359
2896,-3628
2897,-3316
2898,-3556
2899,-3742
2900,-3434
2901,-3590
2902,-2581
2903,-2847
2904,-2247
2905,-2218
2906,-2830
2907,264
2908,-484
2909,-1338
2910,205
2911,-2094
2912,-2957
2913,-2666
2914,-2478
2915,-2392
2916,-2880
2917,-2847
2918,-3165
2919,-2670
2920,-2933
2921,-2384
2922,-1257
2923,-2735
2924,-3221
2925,-2472
2926,-2796
2927,-2979
2928,-2831
2929,-2850
2930,-2998
2931,-2338
2932,-1535
2933,-2002
2934,-1842
2935,-2349
2936,-3225
2937,-2675
2938,-2858
2939,-2178
2940,-2422
2941,-2214
2942,-1609
2943,-2422
2944,-454
2945,-786
2946,-1509
2947,-846
2948,-3032
2949,-3021
2950,-2965
2951,-2982
2952,-2067
2953,-2926
2954,-2519
2955,-2851
2956,-1479
2957,-7
2958,-1747
2959,-490
2960,-1781
2961,-3987
2962,-2301
2963,-2667
2964,-2868
2965,-2440
2966,-3060
2967,-3311
2968,-2900
2969,-2279
2970,-2292
2971,-1758
2972,-1740
2973,-3036
2974,-2974
2975,-2484
2976,-2738
2977,-3394
2978,-3123
2979,-2905
2980,-3309
2981,-1495
2982,-1313
2983,-2179
2984,-1639
2985,-2882
2986,-3219
2987,-3004
2988,-3027
2989,-3006
2990,-3611
2991,-3146
2992,-3139
2993,-1954
2994,-770
2995,-1360
2996,-1172
2997,-2466
2998,-3886
2999,-3601
3000,-3455
3001,-3152
3002,-2786
3003,-2997
3004,-3359
3005,-2914
3006,-3054
3007,-3687
3008,-3156
3009,-3487
3010,-4228
3011,-3384
3012,-2836
3013,-2716
3014,-2929
3015,-3195
3016,-3867
3017,-4713
3018,-3738
3019,-4425
3020,-5467
3021,-4193
3022,-4648
3023,-5355
3024,-4146
3025,-2919
3026,-3405
3027,-3326
3028,-2741
3029,-3701
3030,-2860
3031,-1903
3032,-2160
3033,-1945
3034,-2561
3035,-3302
3036,-3483
3037,-3402
3038,-3602
3039,-3328
3040,-3303
3041,-3935
3042,-2484
3043,-2254
3044,-3144
3045,-1937
3046,-2542
3047,-3891
3048,-3741
3049,-3878
3050,-3901
3051,-3908
3052,-3062
3053,-3027
3054,-2884
3055,-1237
3056,-2162
3057,-2668
3058,-2536
3059,-3790
3060,-4269
3061,-3898
3062,-2989
3063,-3699
3064,-3566
3065,-3017
3066,-4079
3067,-3697
3068,-3506
3069,-3968
3070,-4091
3071,-4071
3072,-4166
3073,-4140
3074,-3359
3075,-3604
3076,-4180
3077,-4346
3078,-4873
3079,-3827
3080,-3240
3081,-3122
3082,-1734
3083,-2698
3084,-3305
3085,-2967
3086,-4050
3087,-3505
3088,-3665
3089,-3468
3090,-3208
3091,-3474
3092,-973
3093,-1399
3094,-2076
3095,-1140
3096,-3193
3097,-4260
3098,-3972
3099,-3505
3100,-3683
3101,-3096
3102,-2083
3103,-3203
3104,-2561
3105,-2510
3106,-3183
3107,-2419
3108,-3381
3109,-3395
3110,-3093
3111,-3081
3112,-2233
3113,-2831
3114,-2632
3115,-2562
3116,-2778
3117,-2094
3118,-2593
3119,-2338
3120,-2531
3121,-3602
3122,-3093
3123,-3438
3124,-3636
3125,-3313
3126,-3610
3127,-3599
3128,-3764
3129,-2995
3130,-2755
3131,-2690
3132,-2143
3133,-3064
3134,-3266
3135,-3189
3136,-3299
3137,-3360
3138,-3466
3139,-3433
3140,-4065
3141,-3048
3142,-2131
3143,-2811
3144,-2121
3145,-2541
3146,-4056
3147,-4072
3148,-3935
3149,-3828
3150,-4073
3151,-3275
3152,-3144
3153,-2964
3154,-1410
3155,-2456
3156,-2490
3157,-2469
3158,-4088
3159,-4081
3160,-3955
3161,-3334
3162,-3221
3163,-3667
3164,-3512
3165,-3313
3166,-2803
3167,-2715
3168,-2567
3169,-2461
3170,-3502
3171,-3590
3172,-3112
3173,-3612
3174,-3324
3175,-3209
3176,-3574
3177,-3416
3178,-3050
3179,-2706
3180,-3446
3181,-3127
3182,-2444
3183,-3760
3184,-3483
3185,-2677
3186,-3459
3187,-3806
3188,-3634
3189,-3409
3190,-2824
3191,-2142
3192,-1910
3193,-1721
3194,-2365
3195,-3463
3196,-3407
3197,-3820
3198,-3759
3199,-3349
3200,-3314
3201,-3235
3202,-3250
3203,-1796
3204,-2023
3205,-2504
3206,-1557
3207,-3373
3208,-4417
3209,-4311
3210,-5332
3211,-5343
3212,-5661
3213,-6492
3214,-6168
3215,-5398
3216,-4993
3217,-4169
3218,-3161
3219,-3085
3220,-3387
3221,-2912
3222,-2384
3223,-2846
3224,-2971
3225,-2867
3226,-3419
3227,-3302
3228,-2851
3229,-2611
3230,-2805
3231,-2694
3232,-2375
3233,-3216
3234,-3128
3235,-2979
3236,-3806
3237,-3628
3238,-3789
3239,-3713
3240,-2918
3241,-2799
3242,-2451
3243,-2502
3244,-3119
3245,-3496
3246,-3797
3247,-3452
3248,-3992
3249,-4256
3250,-3761
3251,-4445
3252,-3107
3253,-2155
3254,-2885
3255,-2619
3256,-3761
3257,-4900
3258,-5044
3259,-4935
3260,-4538
3261,-4290
3262,-3919
3263,-4486
3264,-4246
3265,-3545
3266,-3948
3267,-3609
3268,-3769
3269,-4514
3270,-4666
3271,-4256
3272,-3491
3273,-3664
3274,-3374
3275,-3246
3276,-3757
3277,-3022
3278,-2871
3279,-3001
3280,-2757
3281,-2777
3282,-2733
3283,-3199
3284,-2686
3285,-2609
3286,-3244
3287,-2637
3288,-2946
3289,-2152
3290,-1225
3291,-1490
3292,-448
3293,-1255
3294,-2071
3295,-1908
3296,-2569
3297,-2116
3298,-2553
3299,-2598
3300,-2295
3301,-2159
3302,-974
3303,-1504
3304,-1337
3305,-1219
3306,-2677
3307,-3179
3308,-3136
3309,-2782
3310,-3605
3311,-2734
3312,-1932
3313,-3036
3314,-1153
3315,-984
3316,-1849
3317,-1291
3318,-2425
3319,-2882
3320,-2786
3321,-2142
3322,-1930
3323,-2426
3324,-1880
3325,-2343
3326,-2169
3327,-1764
3328,-2303
3329,-2031
3330,-2429
3331,-2461
3332,-2098
3333,-2529
3334,-2410
3335,-3068
3336,-3524
3337,-3680
3338,-3516
3339,-2077
3340,-2637
3341,-2566
3342,-1869
3343,-3312
3344,-3458
3345,-3209
3346,-3031
3347,-3390
3348,-3876
3349,-3211
3350,-3806
3351,-2724
3352,-1547
3353,-2299
3354,-1591
3355,-2205
3356,-3324
3357,-3578
3358,-3617
3359,-3256
3360,-3872
3361,-3043
3362,-3082
3363,-3054
3364,-1752
3365,-3114
3366,-3221
3367,-3393
3368,-5053
3369,-4798
3370,-4729
3371,-4341
3372,-4008
3373,-4427
3374,-4475
3375,-4134
3376,-2389
3377,-2441
3378,-2674
3379,-1868
3380,-4249
3381,-4828
3382,-4109
3383,-4458
3384,-3808
3385,-3792
3386,-3676
3387,-4116
3388,-3843
3389,-3133
3390,-3736
3391,-3142
3392,-3357
3393,-4323
3394,-3620
3395,-3288
3396,-3595
3397,-4068
3398,-4737
3399,-5562
3400,-6060
3401,-5614
3402,-5733
3403,-5564
3404,-4995
3405,-5491
3406,-4840
3407,-3745
3408,-3143
3409,-2272
3410,-1514
3411,-1779
3412,-1347
3413,322
3414,-228
3415,-326
3416,-33
3417,-1788
3418,-2474
3419,-2455
3420,-2546
3421,-1862
3422,-1144
3423,-1999
3424,-2297
3425,-1157
3426,-2171
3427,-2143
3428,-1149
3429,-2441
3430,-2687
3431,-2568
3432,-2043
3433,-1662
3434,-2668
3435,-2233
3436,-2833
3437,-3111
3438,-2115
3439,-2445
3440,-1950
3441,-1765
3442,-2827
3443,-3123
3444,-2726
3445,-3120
3446,-3440
3447,-3066
3448,-3747
3449,-3556
3450,-2691
3451,-2697
3452,-2269
3453,-2789
3454,-3619
3455,-3573
3456,-3893
3457,-3746
3458,-3680
3459,-3760
3460,-3755
3461,-3714
3462,-1788
3463,-1323
3464,-1766
3465,-847
3466,-2433
3467,-3827
3468,-3627
3469,-3411
3470,-3019
3471,-2692
3472,-1751
3473,-2527
3474,-2119
3475,-1231
3476,-2808
3477,-1639
3478,-1769
3479,-3573
3480,-3056
3481,-2936
3482,-2722
3483,-3134
3484,-3218
3485,-3482
3486,-3954
3487,-3290
3488,-3676
3489,-3392
3490,-3586
3491,-4405
3492,-3851
3493,-4161
3494,-4043
3495,-3583
3496,-4145
3497,-4410
3498,-4526
3499,-3977
3500,-3881
3501,-3782
3502,-2974
3503,-3927
3504,-4197
3505,-3817
3506,-4053
3507,-4018
3508,-4566
3509,-4096
3510,-4518
3511,-3984
3512,-2054
3513,-3034
3514,-2863
3515,-2978
3516,-4468
3517,-4543
3518,-4964
3519,-4422
3520,-4429
3521,-4328
3522,-3864
3523,-3944
3524,-2089
3525,-2392
3526,-2975
3527,-2423
3528,-4305
3529,-4654
3530,-4184
3531,-3360
3532,-2514
3533,-3242
3534,-3076
3535,-3566
3536,-3483
3537,-2898
3538,-3342
3539,-2694
3540,-3298
3541,-3621
3542,-2772
3543,-3415
3544,-3107
3545,-3151
3546,-3887
3547,-4017
3548,-3754
3549,-2949
3550,-3487
3551,-2819
3552,-2237
3553,-3722
3554,-3392
3555,-3332
3556,-3830
3557,-3851
3558,-3839
3559,-3554
3560,-3819
3561,-2588
3562,-2177
3563,-3005
3564,-2585
3565,-3234
3566,-3674
3567,-3930
3568,-3710
3569,-3169
3570,-3860
3571,-3367
3572,-3138
3573,-2360
3574,-1574
3575,-2491
3576,-2716
3577,-4621
3578,-6729
3579,-7057
3580,-7209
3581,-6057
3582,-5192
3583,-4995
3584,-4226
3585,-3165
3586,-2549
3587,-2594
3588,-1939
3589,-2370
3590,-3832
3591,-3343
3592,-2657
3593,-2840
3594,-2711
3595,-2255
3596,-2935
3597,-3727
3598,-2631
3599,-2675
3600,-3268
3601,-2038
3602,-2529
3603,-3482
3604,-2925
3605,-3196
3606,-3617
3607,-3895
3608,-3819
3609,-3457
3610,-3107
3611,-2477
3612,-2301
3613,-2343
3614,-3024
3615,-3793
3616,-3960
3617,-3915
3618,-4103
3619,-4282
3620,-3372
3621,-3589
3622,-3134
3623,-1633
3624,-2561
3625,-2663
3626,-2807
3627,-4603
3628,-5057
3629,-4534
3630,-4363
3631,-4520
3632,-3587
3633,-3933
3634,-4859
3635,-3980
3636,-4515
3637,-5035
3638,-4482
3639,-4464
3640,-4593
3641,-4007
3642,-2756
3643,-3540
3644,-3697
3645,-2738
3646,-3705
3647,-2884
3648,-2001
3649,-2524
3650,-2515
3651,-2807
3652,-2776
3653,-3560
3654,-3299
3655,-2998
3656,-4487
3657,-4206
3658,-4621
3659,-4486
3660,-3220
3661,-3020
3662,-2068
3663,-2453
3664,-3197
3665,-3419
3666,-4043
3667,-3871
3668,-4179
3669,-3937
3670,-4176
3671,-4127
3672,-1763
3673,-2399
3674,-2747
3675,-1733
3676,-4081
3677,-4924
3678,-4263
3679,-3818
3680,-3446
3681,-2640
3682,-1669
3683,-2938
3684,-2374
3685,-1595
3686,-2585
3687,-2143
3688,-2314
3689,-2811
3690,-3168
3691,-2769
3692,-1988
3693,-3082
3694,-2924
3695,-2880
3696,-3096
3697,-2104
3698,-2616
3699,-2442
3700,-2290
3701,-3013
3702,-2612
3703,-2755
3704,-2602
3705,-2603
3706,-3011
3707,-3122
3708,-3579
3709,-2362
3710,-2204
3711,-2516
3712,-1370
3713,-2829
3714,-3331
3715,-2896
3716,-3712
3717,-3253
3718,-3204
3719,-3113
3720,-3260
3721,-2813
3722,-1960
3723,-2900
3724,-2482
3725,-2417
3726,-3412
3727,-3614
3728,-3712
3729,-3374
3730,-4196
3731,-3436
3732,-2992
3733,-3647
3734,-1374
3735,-1858
3736,-2961
3737,-2316
3738,-3763
3739,-4181
3740,-3980
3741,-3405
3742,-2863
3743,-3718
3744,-3413
3745,-3313
3746,-3510
3747,-2947
3748,-2976
3749,-3139
3750,-3855
3751,-3966
3752,-3439
3753,-3608
3754,-3225
3755,-3370
3756,-3804
3757,-4031
3758,-3877
3759,-3433
3760,-4546
3761,-4704
3762,-4757
3763,-6504
3764,-6367
3765,-5350
3766,-5271
3767,-4744
3768,-3533
3769,-3214
3770,-2816
3771,-1294
3772,-1428
3773,-1918
3774,-1806
3775,-2810
3776,-3252
3777,-3133
3778,-2629
3779,-2808
3780,-3016
3781,-2161
3782,-2662
3783,-1196
3784,23
3785,-1158
3786,-485
3787,-1818
3788,-3397
3789,-2876
3790,-2935
3791,-2052
3792,-1731
3793,-1948
3794,-1845
3795,-1784
3796,-1896
3797,-2203
3798,-1747
3799,-2199
3800,-2875
3801,-2472
3802,-1884
3803,-1912
3804,-2658
3805,-2428
3806,-3045
3807,-3485
3808,-2281
3809,-2592
3810,-2897
3811,-2435
3812,-3006
3813,-3516
3814,-3406
3815,-2832
3816,-3381
3817,-3953
3818,-3222
3819,-3901
3820,-2968
3821,-1165
3822,-1485
3823,-1182
3824,-1701
3825,-2932
3826,-3487
3827,-3037
3828,-2910
3829,-3298
3830,-2227
3831,-2406
3832,-1340
3833,-7
3834,-1305
3835,-798
3836,-1437
3837,-3584
3838,-3543
15099,-3094
